{"1": {}, "2": {}, "3": {"0": [[1.5721061894855746, 6.541873527996765], [1.5721061894855752, 6.722015360892123]], "1": [[1.5721061894855746, 6.541873527996765], [1.5721061894855752, 6.722015360892123]]}, "4": {"0": [[1.5721061894855746, 6.541873527996765], [1.5721061894855752, 6.722015360892123]], "1": [[1.5721061894855746, 6.541873527996765], [1.5721061894855752, 6.722015360892123]]}, "5": {"0": [[1.5721061894855746, 6.541873527996765], [1.5721061894855752, 6.722015360892123]], "1": [[1.5721061894855746, 6.541873527996765], [1.5721061894855752, 6.722015360892123]]}, "6": {"0": [[1.5721061894855746, 6.541873527996765], [1.5721061894855752, 6.722015360892123]], "1": [[1.5721061894855746, 6.541873527996765], [1.5721061894855752, 6.722015360892123]]}, "7": {"0": [[1.5721061894855746, 6.541873527996765], [1.5721061894855752, 6.722015360892123]], "1": [[1.5721061894855746, 6.541873527996765], [1.5721061894855752, 6.722015360892123]]}, "8": {"0": [[1.5721061894855746, 6.541873527996765], [1.5721061894855752, 6.722015360892123]], "1": [[1.5721061894855746, 6.541873527996765], [1.5721061894855752, 6.722015360892123]]}, "9": {"0": [[1.5721061894855746, 6.541873527996765], [1.5721061894855752, 6.722015360892123]], "1": [[1.5721061894855746, 6.541873527996765], [1.5721061894855752, 6.722015360892123]]}, "10": {"0": [[11.666226993712517, 15.89141360436157], [10.753904785624377, 16.00113285093514]], "1": [[1.2075027970172023, 7.493128691712942], [1.655233978668678, 6.972120486515383]]}, "11": {"0": [[11.666226993712517, 15.89141360436157], [10.753904785624377, 16.00113285093514]], "1": [[1.2075027970172023, 7.493128691712942], [1.655233978668678, 6.972120486515383]]}, "12": {"0": [[11.666226993712517, 15.89141360436157], [10.753904785624377, 16.00113285093514]], "1": [[1.2075027970172023, 7.493128691712942], [1.655233978668678, 6.972120486515383]]}, "13": {"0": [[11.666226993712517, 15.89141360436157], [10.753904785624377, 16.00113285093514]], "1": [[1.2075027970172023, 7.493128691712942], [1.655233978668678, 6.972120486515383]]}, "14": {"0": [[11.666226993712517, 15.89141360436157], [10.753904785624377, 16.00113285093514]], "1": [[1.2075027970172023, 7.493128691712942], [1.655233978668678, 6.972120486515383]]}, "15": {"0": [[11.666226993712517, 15.89141360436157], [10.753904785624377, 16.00113285093514]], "1": [[1.2075027970172023, 7.493128691712942], [1.655233978668678, 6.972120486515383]]}, "16": {"0": [[11.666226993712517, 15.89141360436157], [10.753904785624377, 16.00113285093514]], "1": [[1.2075027970172023, 7.493128691712942], [1.655233978668678, 6.972120486515383]]}, "17": {"0": [[11.666226993712517, 15.89141360436157], [10.753904785624377, 16.00113285093514]], "1": [[1.2075027970172023, 7.493128691712942], [1.655233978668678, 6.972120486515383]]}, "18": {"0": [[11.666226993712517, 15.89141360436157], [10.753904785624377, 16.00113285093514]], "1": [[1.2075027970172023, 7.493128691712942], [1.655233978668678, 6.972120486515383]]}, "19": {"0": [[11.666226993712517, 15.89141360436157], [10.753904785624377, 16.00113285093514]], "1": [[1.2075027970172023, 7.493128691712942], [1.655233978668678, 6.972120486515383]]}, "20": {"0": [[11.666226993712517, 15.89141360436157], [10.753904785624377, 16.00113285093514]], "1": [[1.2075027970172023, 7.493128691712942], [1.655233978668678, 6.972120486515383]]}, "21": {"0": [[11.666226993712517, 15.89141360436157], [10.753904785624377, 16.00113285093514]], "1": [[1.2075027970172023, 7.493128691712942], [1.655233978668678, 6.972120486515383]]}, "22": {"0": [[11.666226993712517, 15.89141360436157], [10.753904785624377, 16.00113285093514]], "1": [[1.2075027970172023, 7.493128691712942], [1.655233978668678, 6.972120486515383]]}, "23": {"0": [[11.666226993712517, 15.89141360436157], [10.753904785624377, 16.00113285093514]], "1": [[1.2075027970172023, 7.493128691712942], [1.655233978668678, 6.972120486515383]]}, "24": {"0": [[11.666226993712517, 15.89141360436157], [10.753904785624377, 16.00113285093514]], "1": [[1.2075027970172023, 7.493128691712942], [1.655233978668678, 6.972120486515383]]}, "25": {"0": [[11.666226993712517, 15.89141360436157], [10.753904785624377, 16.00113285093514]], "1": [[1.2075027970172023, 7.493128691712942], [1.655233978668678, 6.972120486515383]]}, "26": {"0": [[11.666226993712517, 15.89141360436157], [10.753904785624377, 16.00113285093514]], "1": [[1.2075027970172023, 7.493128691712942], [1.655233978668678, 6.972120486515383]]}, "27": {"0": [[11.666226993712517, 15.89141360436157], [10.753904785624377, 16.00113285093514]], "1": [[1.2075027970172023, 7.493128691712942], [1.655233978668678, 6.972120486515383]]}, "28": {"0": [[11.666226993712517, 15.89141360436157], [10.753904785624377, 16.00113285093514]], "1": [[1.2075027970172023, 7.493128691712942], [1.655233978668678, 6.972120486515383]]}, "29": {"0": [[11.666226993712517, 15.89141360436157], [10.753904785624377, 16.00113285093514]], "1": [[1.2075027970172023, 7.493128691712942], [1.655233978668678, 6.972120486515383]]}, "30": {"0": [[11.666226993712517, 15.89141360436157], [10.753904785624377, 16.00113285093514]], "1": [[1.2075027970172023, 7.493128691712942], [1.655233978668678, 6.972120486515383]]}, "31": {"0": [[11.666226993712517, 15.89141360436157], [10.753904785624377, 16.00113285093514]], "1": [[1.2075027970172023, 7.493128691712942], [1.655233978668678, 6.972120486515383]]}, "32": {"0": [[11.666226993712517, 15.89141360436157], [10.753904785624377, 16.00113285093514]], "1": [[1.2075027970172023, 7.493128691712942], [1.655233978668678, 6.972120486515383]]}, "33": {"0": [[11.666226993712517, 15.89141360436157], [10.753904785624377, 16.00113285093514]], "1": [[1.2075027970172023, 7.493128691712942], [1.655233978668678, 6.972120486515383]]}, "34": {"0": [[11.666226993712517, 15.89141360436157], [10.753904785624377, 16.00113285093514]], "1": [[1.2075027970172023, 7.493128691712942], [1.655233978668678, 6.972120486515383]]}, "35": {"0": [[11.666226993712517, 15.89141360436157], [10.753904785624377, 16.00113285093514]], "1": [[1.2075027970172023, 7.493128691712942], [1.655233978668678, 6.972120486515383]]}, "36": {"0": [[11.666226993712517, 15.89141360436157], [10.753904785624377, 16.00113285093514]], "1": [[1.2075027970172023, 7.493128691712942], [1.655233978668678, 6.972120486515383]]}, "37": {"0": [[11.666226993712517, 15.89141360436157], [10.753904785624377, 16.00113285093514]], "1": [[1.2075027970172023, 7.493128691712942], [1.655233978668678, 6.972120486515383]]}, "38": {"0": [[11.666226993712517, 15.89141360436157], [10.753904785624377, 16.00113285093514]], "1": [[1.2075027970172023, 7.493128691712942], [1.655233978668678, 6.972120486515383]]}, "39": {"0": [[11.666226993712517, 15.89141360436157], [10.753904785624377, 16.00113285093514]], "1": [[1.2075027970172023, 7.493128691712942], [1.655233978668678, 6.972120486515383]]}, "40": {"0": [[11.666226993712517, 15.89141360436157], [10.753904785624377, 16.00113285093514]], "1": [[1.2075027970172023, 7.493128691712942], [1.655233978668678, 6.972120486515383]]}, "41": {"0": [[11.666226993712517, 15.89141360436157], [10.753904785624377, 16.00113285093514]], "1": [[1.2075027970172023, 7.493128691712942], [1.655233978668678, 6.972120486515383]]}, "42": {"0": [[11.666226993712517, 15.89141360436157], [10.753904785624377, 16.00113285093514]], "1": [[1.2075027970172023, 7.493128691712942], [1.655233978668678, 6.972120486515383]]}, "43": {"0": [[11.666226993712517, 15.89141360436157], [10.753904785624377, 16.00113285093514]], "1": [[1.2075027970172023, 7.493128691712942], [1.655233978668678, 6.972120486515383]]}, "44": {"0": [[11.666226993712517, 15.89141360436157], [10.753904785624377, 16.00113285093514]], "1": [[1.2075027970172023, 7.493128691712942], [1.655233978668678, 6.972120486515383]]}, "45": {"0": [[11.666226993712517, 15.89141360436157], [10.753904785624377, 16.00113285093514]], "1": [[1.2075027970172023, 7.493128691712942], [1.655233978668678, 6.972120486515383]]},